{"ecmp_hashed_mean_gbps": 2.7581235075692355e-06, "ecmp_hashed_stddev_gbps": 1.4692799924644279e-06, "ecmp_rr_mean_gbps": 3.501543434871861e-06, "ecmp_rr_stddev_gbps": 1.8257359950770416e-06, "ecmp_random_mean_gbps": 3.954248178385608e-06, "ecmp_random_stddev_gbps": 1.985476384186311e-06}